{"stats":{"minecraft:picked_up":{"minecraft:wheat_seeds":4,"minecraft:dandelion":7,"minecraft:cornflower":2,"minecraft:snowball":131,"minecraft:dirt":526,"minecraft:cobblestone":293},"minecraft:mined":{"minecraft:grass_block":1},"minecraft:used":{"minecraft:flint_and_steel":63,"minecraft:tnt":120,"minecraft:grass_block":598,"alexsmobs:animal_dictionary":12},"minecraft:custom":{"minecraft:time_since_rest":50170,"minecraft:crouch_one_cm":2230,"minecraft:sprint_one_cm":7510,"minecraft:play_time":50170,"minecraft:damage_taken":200,"minecraft:walk_one_cm":81526,"minecraft:sneak_time":2015,"minecraft:mob_kills":3,"minecraft:jump":202,"minecraft:leave_game":2,"minecraft:time_since_death":50170,"minecraft:total_world_time":50170,"minecraft:fly_one_cm":211520},"minecraft:killed":{"alexsmobs:hummingbird":3}},"DataVersion":2975}