{"stats":{"minecraft:custom":{"minecraft:jump":23,"minecraft:time_since_rest":20520,"minecraft:sprint_one_cm":2343,"minecraft:crouch_one_cm":105,"minecraft:leave_game":2,"minecraft:play_time":20520,"minecraft:damage_taken":200,"minecraft:time_since_death":20520,"minecraft:walk_one_cm":9502,"minecraft:sneak_time":531,"minecraft:total_world_time":20520,"minecraft:mob_kills":1,"minecraft:fly_one_cm":64307},"minecraft:used":{"alexsmobs:animal_dictionary":12,"minecraft:flint_and_steel":5,"minecraft:tnt":9},"minecraft:killed":{"alexsmobs:hummingbird":1},"minecraft:picked_up":{"minecraft:snowball":1},"minecraft:mined":{"minecraft:grass_block":1}},"DataVersion":2975}