{"stats":{"minecraft:picked_up":{"minecraft:wheat_seeds":7,"minecraft:dandelion":9,"minecraft:cornflower":2,"minecraft:snowball":136,"minecraft:dirt":646,"minecraft:cobblestone":298},"minecraft:mined":{"minecraft:grass_block":1},"minecraft:used":{"minecraft:flint_and_steel":65,"minecraft:tnt":122,"minecraft:grass_block":669,"cfm:stripped_oak_chair":5,"alexsmobs:animal_dictionary":12,"minecraft:dandelion":3},"minecraft:custom":{"minecraft:time_since_rest":61438,"minecraft:crouch_one_cm":2688,"minecraft:sprint_one_cm":10670,"minecraft:play_time":61438,"minecraft:damage_taken":200,"minecraft:walk_one_cm":105726,"minecraft:sneak_time":2382,"minecraft:mob_kills":3,"minecraft:jump":534,"minecraft:leave_game":3,"minecraft:time_since_death":61438,"minecraft:total_world_time":61438,"minecraft:fly_one_cm":258149},"minecraft:killed":{"alexsmobs:hummingbird":3}},"DataVersion":2975}