{
  "mcwbridges:recipes/sandstone_bridge_stair": {
    "criteria": {
      "has_planks": "2025-03-09 00:35:03 +0000"
    },
    "done": true
  },
  "incendium:technical/on_block": {
    "criteria": {
      "log_spam_fixer": "2025-03-16 19:31:12 +0000"
    },
    "done": false
  },
  "mcwbridges:recipes/acacia_log_bridge_middle": {
    "criteria": {
      "has_planks": "2025-03-09 00:35:03 +0000"
    },
    "done": true
  },
  "mcwbridges:recipes/rope_jungle_bridge": {
    "criteria": {
      "has_planks": "2025-03-09 00:35:03 +0000"
    },
    "done": true
  },
  "mcwbridges:recipes/spruce_log_bridge_stair": {
    "criteria": {
      "has_planks": "2025-03-09 00:35:03 +0000"
    },
    "done": true
  },
  "mcwbridges:recipes/jungle_rail_bridge": {
    "criteria": {
      "has_planks": "2025-03-09 00:35:03 +0000"
    },
    "done": true
  },
  "naturescompass:natures_compass": {
    "criteria": {
      "has_compass": "2025-03-09 00:35:03 +0000"
    },
    "done": true
  },
  "mcwbridges:recipes/rope_birch_bridge": {
    "criteria": {
      "has_planks": "2025-03-09 00:35:03 +0000"
    },
    "done": true
  },
  "mcwbridges:recipes/spruce_bridge_pier": {
    "criteria": {
      "has_planks": "2025-03-09 00:35:03 +0000"
    },
    "done": true
  },
  "mcwbridges:recipes/oak_log_bridge_middle": {
    "criteria": {
      "has_planks": "2025-03-09 00:35:03 +0000"
    },
    "done": true
  },
  "mcwbridges:recipes/brick_bridge": {
    "criteria": {
      "has_planks": "2025-03-09 00:35:03 +0000"
    },
    "done": true
  },
  "mcwbridges:recipes/crimson_log_bridge_middle": {
    "criteria": {
      "has_planks": "2025-03-09 00:35:03 +0000"
    },
    "done": true
  },
  "mcwbridges:recipes/rope_spruce_bridge": {
    "criteria": {
      "has_planks": "2025-03-09 00:35:03 +0000"
    },
    "done": true
  },
  "mcwbridges:recipes/iron_bridge_pier": {
    "criteria": {
      "has_planks": "2025-03-09 00:35:03 +0000"
    },
    "done": true
  },
  "mcwbridges:recipes/dry_bamboo_bridge_stair": {
    "criteria": {
      "has_planks": "2025-03-09 00:35:03 +0000"
    },
    "done": true
  },
  "mcwbridges:recipes/pliers": {
    "criteria": {
      "has_planks": "2025-03-09 00:35:03 +0000"
    },
    "done": true
  },
  "incendium:technical/inventory/sentrys_wrath": {
    "criteria": {
      "log_spam_fixer": "2025-03-16 19:31:12 +0000"
    },
    "done": false
  },
  "mcwbridges:recipes/oak_bridge_pier": {
    "criteria": {
      "has_planks": "2025-03-09 00:35:03 +0000"
    },
    "done": true
  },
  "mcwbridges:recipes/mossy_stone_bridge_stair": {
    "criteria": {
      "has_planks": "2025-03-09 00:35:03 +0000"
    },
    "done": true
  },
  "mcwbridges:recipes/most1": {
    "criteria": {
      "has_planks": "2025-03-09 00:35:03 +0000"
    },
    "done": true
  },
  "dungeons_arise:find_abandoned_temple": {
    "criteria": {
      "location0": "2025-03-16 19:24:10 +0000"
    },
    "done": true
  },
  "mcwbridges:recipes/acacia_rail_bridge": {
    "criteria": {
      "has_planks": "2025-03-09 00:35:03 +0000"
    },
    "done": true
  },
  "mcwbridges:recipes/crimson_rope_bridge_stair": {
    "criteria": {
      "has_planks": "2025-03-09 00:35:03 +0000"
    },
    "done": true
  },
  "mcwbridges:recipes/oak_log_bridge_stair": {
    "criteria": {
      "has_planks": "2025-03-09 00:35:03 +0000"
    },
    "done": true
  },
  "mcwbridges:recipes/rope_acacia_bridge": {
    "criteria": {
      "has_planks": "2025-03-09 00:35:03 +0000"
    },
    "done": true
  },
  "tombstone:adventure/root": {
    "criteria": {
      "auto": "2025-03-09 00:35:04 +0000"
    },
    "done": true
  },
  "mcwbridges:recipes/blackstone_bridge_pier": {
    "criteria": {
      "has_planks": "2025-03-09 00:35:03 +0000"
    },
    "done": true
  },
  "mcwbridges:recipes/crimson_rail_bridge": {
    "criteria": {
      "has_planks": "2025-03-09 00:35:03 +0000"
    },
    "done": true
  },
  "mcwbridges:recipes/dark_oak_log_bridge_middle": {
    "criteria": {
      "has_planks": "2025-03-09 00:35:03 +0000"
    },
    "done": true
  },
  "mcwbridges:recipes/bamboo_bridge": {
    "criteria": {
      "has_planks": "2025-03-09 00:35:03 +0000"
    },
    "done": true
  },
  "mcwbridges:recipes/warped_log_bridge_stair": {
    "criteria": {
      "has_planks": "2025-03-09 00:35:03 +0000"
    },
    "done": true
  },
  "mcwbridges:recipes/oak_rope_bridge_stair": {
    "criteria": {
      "has_planks": "2025-03-09 00:35:03 +0000"
    },
    "done": true
  },
  "mcwbridges:recipes/sandstone_bridge": {
    "criteria": {
      "has_planks": "2025-03-09 00:35:03 +0000"
    },
    "done": true
  },
  "mcwbridges:recipes/warped_rail_bridge": {
    "criteria": {
      "has_planks": "2025-03-09 00:35:03 +0000"
    },
    "done": true
  },
  "mcwbridges:recipes/stone_brick_bridge_stair": {
    "criteria": {
      "has_planks": "2025-03-09 00:35:03 +0000"
    },
    "done": true
  },
  "mcwbridges:recipes/birch_log_bridge_middle": {
    "criteria": {
      "has_planks": "2025-03-09 00:35:03 +0000"
    },
    "done": true
  },
  "mcwbridges:recipes/blackstone_bridge": {
    "criteria": {
      "has_planks": "2025-03-09 00:35:03 +0000"
    },
    "done": true
  },
  "mcwbridges:recipes/red_sandstone_bridge_pier": {
    "criteria": {
      "has_planks": "2025-03-09 00:35:03 +0000"
    },
    "done": true
  },
  "mcwbridges:recipes/warped_rope_bridge_stair": {
    "criteria": {
      "has_planks": "2025-03-09 00:35:03 +0000"
    },
    "done": true
  },
  "mcwbridges:recipes/rope_dark_oak_bridge": {
    "criteria": {
      "has_planks": "2025-03-09 00:35:03 +0000"
    },
    "done": true
  },
  "mcwbridges:recipes/rope_oak_bridge": {
    "criteria": {
      "has_planks": "2025-03-09 00:35:04 +0000"
    },
    "done": true
  },
  "naturescompass:natures_compass_sapling": {
    "criteria": {
      "has_recipe": "2025-03-09 00:35:03 +0000"
    },
    "done": true
  },
  "mcwbridges:recipes/bamboo_bridge_stair": {
    "criteria": {
      "has_planks": "2025-03-09 00:35:03 +0000"
    },
    "done": true
  },
  "mcwbridges:recipes/red_sandstone_bridge_stair": {
    "criteria": {
      "has_planks": "2025-03-09 00:35:03 +0000"
    },
    "done": true
  },
  "mcwbridges:recipes/deepslate_brick_bridge_pier": {
    "criteria": {
      "has_planks": "2025-03-09 00:35:03 +0000"
    },
    "done": true
  },
  "mcwbridges:recipes/spruce_rail_bridge": {
    "criteria": {
      "has_planks": "2025-03-09 00:35:03 +0000"
    },
    "done": true
  },
  "incendium:technical/using/shield": {
    "criteria": {
      "log_spam_fixer": "2025-03-16 19:21:26 +0000"
    },
    "done": false
  },
  "mcwbridges:recipes/birch_rail_bridge": {
    "criteria": {
      "has_planks": "2025-03-09 00:35:03 +0000"
    },
    "done": true
  },
  "mcwbridges:recipes/birch_log_bridge_stair": {
    "criteria": {
      "has_planks": "2025-03-09 00:35:03 +0000"
    },
    "done": true
  },
  "betterdungeons:root": {
    "criteria": {
      "always": "2025-03-09 00:35:04 +0000"
    },
    "done": true
  },
  "mcwbridges:recipes/jungle_rope_bridge_stair": {
    "criteria": {
      "has_planks": "2025-03-09 00:35:03 +0000"
    },
    "done": true
  },
  "incendium:technical/using/trailblazer": {
    "criteria": {
      "log_spam_fixer": "2025-03-16 19:21:26 +0000"
    },
    "done": false
  },
  "takesapillage:root": {
    "criteria": {
      "always": "2025-03-16 19:21:26 +0000"
    },
    "done": true
  },
  "incendium:technical/scroll_of_returning": {
    "criteria": {
      "log_spam_fixer": "2025-03-16 19:21:26 +0000"
    },
    "done": false
  },
  "incendium:technical/multiplex_crossbow": {
    "criteria": {
      "log_spam_fixer": "2025-03-16 19:31:12 +0000"
    },
    "done": false
  },
  "mcwbridges:recipes/mossy_stone_brick_bridge": {
    "criteria": {
      "has_planks": "2025-03-09 00:35:03 +0000"
    },
    "done": true
  },
  "mcwbridges:recipes/spruce_rope_bridge_stair": {
    "criteria": {
      "has_planks": "2025-03-09 00:35:03 +0000"
    },
    "done": true
  },
  "incendium:technical/firestorm": {
    "criteria": {
      "log_spam_fixer": "2025-03-16 19:31:12 +0000"
    },
    "done": false
  },
  "minecraft:adventure/adventuring_time": {
    "criteria": {
      "minecraft:birch_forest": "2025-03-09 00:35:04 +0000",
      "minecraft:grove": "2025-03-16 19:22:47 +0000",
      "minecraft:jagged_peaks": "2025-03-16 19:22:53 +0000",
      "minecraft:forest": "2025-03-16 19:23:17 +0000",
      "minecraft:meadow": "2025-03-16 19:23:58 +0000",
      "minecraft:plains": "2025-03-16 19:23:55 +0000"
    },
    "done": false
  },
  "mcwbridges:recipes/birch_bridge_pier": {
    "criteria": {
      "has_planks": "2025-03-09 00:35:03 +0000"
    },
    "done": true
  },
  "mcwbridges:recipes/oak_rail_bridge": {
    "criteria": {
      "has_planks": "2025-03-09 00:35:03 +0000"
    },
    "done": true
  },
  "incendium:technical/using/ragnarok": {
    "criteria": {
      "log_spam_fixer": "2025-03-16 19:21:26 +0000"
    },
    "done": false
  },
  "mcwbridges:recipes/bamboo_bridge_pier": {
    "criteria": {
      "has_planks": "2025-03-09 00:35:03 +0000"
    },
    "done": true
  },
  "minecraft:husbandry/root": {
    "criteria": {
      "consumed_item": "2025-03-09 00:36:04 +0000"
    },
    "done": true
  },
  "mcwbridges:recipes/birch_rope_bridge_stair": {
    "criteria": {
      "has_planks": "2025-03-09 00:35:03 +0000"
    },
    "done": true
  },
  "mcwbridges:recipes/dark_oak_rope_bridge_stair": {
    "criteria": {
      "has_planks": "2025-03-09 00:35:03 +0000"
    },
    "done": true
  },
  "mcwbridges:recipes/dry_bamboo_bridge": {
    "criteria": {
      "has_planks": "2025-03-09 00:35:03 +0000"
    },
    "done": true
  },
  "mcwbridges:recipes/deepslate_tile_bridge_stair": {
    "criteria": {
      "has_planks": "2025-03-09 00:35:03 +0000"
    },
    "done": true
  },
  "minecraft:recipes/building_blocks/snow_block": {
    "criteria": {
      "has_snowball": "2025-03-16 19:26:59 +0000"
    },
    "done": true
  },
  "incendium:technical/new_player": {
    "criteria": {
      "requirement": "2025-03-16 19:21:26 +0000"
    },
    "done": true
  },
  "mcwbridges:recipes/warped_log_bridge_middle": {
    "criteria": {
      "has_planks": "2025-03-09 00:35:03 +0000"
    },
    "done": true
  },
  "mcwbridges:recipes/dark_oak_rail_bridge": {
    "criteria": {
      "has_planks": "2025-03-09 00:35:03 +0000"
    },
    "done": true
  },
  "mcwbridges:recipes/deepslate_tile_bridge": {
    "criteria": {
      "has_planks": "2025-03-09 00:35:03 +0000"
    },
    "done": true
  },
  "incendium:technical/holy_wrath": {
    "criteria": {
      "log_spam_fixer": "2025-03-16 19:31:12 +0000"
    },
    "done": false
  },
  "incendium:technical/inventory/firestorm": {
    "criteria": {
      "log_spam_fixer": "2025-03-16 19:31:12 +0000"
    },
    "done": false
  },
  "minecraft:adventure/root": {
    "criteria": {
      "killed_something": "2025-03-16 19:27:39 +0000"
    },
    "done": true
  },
  "mcwbridges:recipes/jungle_log_bridge_middle": {
    "criteria": {
      "has_planks": "2025-03-09 00:35:03 +0000"
    },
    "done": true
  },
  "mcwbridges:recipes/dry_bamboo_bridge_pier": {
    "criteria": {
      "has_planks": "2025-03-09 00:35:03 +0000"
    },
    "done": true
  },
  "mcwbridges:recipes/blackstone_bridge_stair": {
    "criteria": {
      "has_planks": "2025-03-09 00:35:03 +0000"
    },
    "done": true
  },
  "mcwbridges:recipes/brick_bridge_stair": {
    "criteria": {
      "has_planks": "2025-03-09 00:35:03 +0000"
    },
    "done": true
  },
  "mcwbridges:recipes/dark_oak_bridge_pier": {
    "criteria": {
      "has_planks": "2025-03-09 00:35:03 +0000"
    },
    "done": true
  },
  "mcwbridges:recipes/stone_brick_bridge": {
    "criteria": {
      "has_planks": "2025-03-09 00:35:03 +0000"
    },
    "done": true
  },
  "farmersdelight:main/root": {
    "criteria": {
      "seeds": "2025-03-16 19:21:26 +0000"
    },
    "done": true
  },
  "mcwbridges:recipes/acacia_log_bridge_stair": {
    "criteria": {
      "has_planks": "2025-03-09 00:35:03 +0000"
    },
    "done": true
  },
  "mcwbridges:recipes/brick_bridge_pier": {
    "criteria": {
      "has_planks": "2025-03-09 00:35:03 +0000"
    },
    "done": true
  },
  "incendium:technical/on_kill": {
    "criteria": {
      "log_spam_fixer": "2025-03-16 19:31:12 +0000"
    },
    "done": false
  },
  "mcwbridges:recipes/sandstone_bridge_pier": {
    "criteria": {
      "has_planks": "2025-03-09 00:35:03 +0000"
    },
    "done": true
  },
  "incendium:technical/on_player_hurt": {
    "criteria": {
      "log_spam_fixer": "2025-03-16 19:31:12 +0000"
    },
    "done": false
  },
  "mcwbridges:recipes/dark_oak_log_bridge_stair": {
    "criteria": {
      "has_planks": "2025-03-09 00:35:03 +0000"
    },
    "done": true
  },
  "mcwbridges:recipes/orange_sandstone_bridge": {
    "criteria": {
      "has_planks": "2025-03-09 00:35:03 +0000"
    },
    "done": true
  },
  "mcwbridges:recipes/crimson_log_bridge_stair": {
    "criteria": {
      "has_planks": "2025-03-09 00:35:03 +0000"
    },
    "done": true
  },
  "mcwbridges:recipes/jungle_log_bridge_stair": {
    "criteria": {
      "has_planks": "2025-03-09 00:35:03 +0000"
    },
    "done": true
  },
  "mcwbridges:recipes/rope_crimson_bridge": {
    "criteria": {
      "has_planks": "2025-03-09 00:35:03 +0000"
    },
    "done": true
  },
  "incendium:technical/sentrys_wrath": {
    "criteria": {
      "log_spam_fixer": "2025-03-16 19:31:12 +0000"
    },
    "done": false
  },
  "dungeons_arise:wda_root": {
    "criteria": {
      "WDA": "2025-03-09 00:35:04 +0000"
    },
    "done": true
  },
  "mcwbridges:recipes/deepslate_brick_bridge": {
    "criteria": {
      "has_planks": "2025-03-09 00:35:03 +0000"
    },
    "done": true
  },
  "mcwbridges:recipes/spruce_log_bridge_middle": {
    "criteria": {
      "has_planks": "2025-03-09 00:35:03 +0000"
    },
    "done": true
  },
  "mcwbridges:recipes/deepslate_brick_bridge_stair": {
    "criteria": {
      "has_planks": "2025-03-09 00:35:03 +0000"
    },
    "done": true
  },
  "mcwbridges:recipes/acacia_bridge_pier": {
    "criteria": {
      "has_planks": "2025-03-09 00:35:03 +0000"
    },
    "done": true
  },
  "naturescompass:natures_compass_log": {
    "criteria": {
      "has_recipe": "2025-03-09 00:35:03 +0000"
    },
    "done": true
  },
  "mcwbridges:recipes/crimson_bridge_pier": {
    "criteria": {
      "has_planks": "2025-03-09 00:35:03 +0000"
    },
    "done": true
  },
  "mcwbridges:recipes/acacia_rope_bridge_stair": {
    "criteria": {
      "has_planks": "2025-03-09 00:35:03 +0000"
    },
    "done": true
  },
  "alexsmobs:alexsmobs/root": {
    "criteria": {
      "useitem": "2025-03-09 00:36:04 +0000"
    },
    "done": true
  },
  "minecraft:recipes/decorations/snow": {
    "criteria": {
      "has_snowball": "2025-03-16 19:26:59 +0000"
    },
    "done": true
  },
  "mcwbridges:recipes/iron_bridge_stair": {
    "criteria": {
      "has_planks": "2025-03-09 00:35:03 +0000"
    },
    "done": true
  },
  "mcwbridges:recipes/rope_warped_bridge": {
    "criteria": {
      "has_planks": "2025-03-09 00:35:03 +0000"
    },
    "done": true
  },
  "mcwbridges:recipes/jungle_bridge_pier": {
    "criteria": {
      "has_planks": "2025-03-09 00:35:03 +0000"
    },
    "done": true
  },
  "mcwbridges:recipes/mossy_stone_bridge_pier": {
    "criteria": {
      "has_planks": "2025-03-09 00:35:03 +0000"
    },
    "done": true
  },
  "mcwbridges:recipes/stone_bridge_pier": {
    "criteria": {
      "has_planks": "2025-03-09 00:35:03 +0000"
    },
    "done": true
  },
  "incendium:technical/on_inventory_change": {
    "criteria": {
      "log_spam_fixer": "2025-03-16 19:31:12 +0000"
    },
    "done": false
  },
  "mcwbridges:recipes/deepslate_tile_bridge_pier": {
    "criteria": {
      "has_planks": "2025-03-09 00:35:03 +0000"
    },
    "done": true
  },
  "repurposed_structures:root": {
    "criteria": {
      "always": "2025-03-09 00:35:04 +0000"
    },
    "done": true
  },
  "mcwbridges:recipes/warped_bridge_pier": {
    "criteria": {
      "has_planks": "2025-03-09 00:35:03 +0000"
    },
    "done": true
  },
  "DataVersion": 2975
}